Model,Accuracy,Precision,Recall,F1 Score,AUC
DecisionTreeClassifier,0.7192608386638237,0.4716981132075472,0.4679144385026738,0.4697986577181208,0.6388303627356072
