Model,Accuracy,Precision,Recall,F1 Score,AUC
LogisticRegression,0.8038379530916845,0.649390243902439,0.56951871657754,0.6068376068376068,0.8360403476712344
