Model,Accuracy,Precision,Recall,F1 Score,AUC
RandomForestClassifier,0.7896233120113717,0.6258064516129033,0.5187165775401069,0.5672514619883041,0.816300065744858
