Model,Accuracy,Precision,Recall,F1 Score,AUC
DecisionTreeClassifier,0.7782515991471215,0.5807291666666666,0.5962566844919787,0.5883905013192612,0.8197089625254307
