Model,Accuracy,Precision,Recall,F1 Score,AUC
RandomForestClassifier,0.7953091684434968,0.6493055555555556,0.5,0.5649546827794562,0.8384604831988239
