Model,Accuracy,Precision,Recall,F1 Score,AUC
XGBClassifier,0.7711442786069652,0.5760233918128655,0.5267379679144385,0.5502793296089385,0.8113899084231069
